  id  ,          date_added           , choice_id , question_id 
1, 2018-10-03 10:51:55.471327+03 ,1,1
2, 2018-10-03 10:51:55.488401+03 ,10,4
3, 2018-10-03 18:09:52.7729+03   ,13,5
4, 2018-10-03 18:09:52.791622+03 ,13,1
5, 2018-10-03 18:09:52.815152+03 ,13,4
6, 2018-10-03 18:09:52.835984+03 ,15,2
7, 2018-10-03 18:09:52.856655+03 ,14,3
8, 2018-10-03 18:09:52.877298+03 ,14,7
9, 2018-10-03 18:09:52.898156+03 ,13,6
10, 2018-10-03 18:11:05.06583+03  ,13,5
11, 2018-10-03 18:11:05.069849+03 ,13,1
12, 2018-10-03 18:11:05.079571+03 ,13,4
13, 2018-10-03 18:11:05.085571+03 ,15,3
14, 2018-10-03 18:11:05.091625+03 ,14,7
15, 2018-10-03 18:11:05.097597+03 ,14,6
16, 2018-10-03 18:11:05.103597+03 ,13,2
17, 2018-10-03 18:15:01.488342+03 ,13,5
18, 2018-10-03 18:15:01.502636+03 ,10,4
19, 2018-10-03 18:15:51.425828+03 ,1,1
20, 2018-10-03 18:16:01.285724+03 ,16,6
21, 2018-10-03 18:16:45.216064+03 ,13,5
22, 2018-10-03 18:16:45.230269+03 ,10,4
23, 2018-10-03 18:16:45.238273+03 ,4,2
24, 2018-10-03 18:17:02.087612+03 ,13,5
25, 2018-10-03 18:17:02.091603+03 ,2,1
26, 2018-10-03 18:17:02.094746+03 ,12,4
27, 2018-10-03 18:20:06.698593+03 ,13,5
28, 2018-10-03 18:20:06.726423+03 ,14,1
29, 2018-10-03 18:20:06.747206+03 ,14,4
30, 2018-10-03 18:20:06.767742+03 ,13,3
31, 2018-10-03 18:20:06.788227+03 ,13,7
32, 2018-10-05 10:09:06.992382+03 ,14,5
33, 2018-10-05 10:09:06.996464+03 ,32,9
34, 2018-10-05 10:09:07.002531+03 ,2,1
35, 2018-10-05 10:09:07.00848+03  ,10,4
36, 2018-10-05 10:09:07.014874+03 ,4,2
37, 2018-10-05 10:09:07.020592+03 ,28,8
38, 2018-10-05 10:09:07.026441+03 ,5,2
39, 2018-10-05 10:09:07.032434+03 ,7,3
40, 2018-10-05 10:09:07.038447+03 ,20,7
41, 2018-10-05 10:09:07.04449+03  ,22,10
42, 2018-10-05 10:09:07.050465+03 ,38,6
43, 2018-10-05 10:09:07.056473+03 ,16,11
44, 2018-10-05 10:10:18.12057+03  ,13,5
45, 2018-10-05 10:10:18.148065+03 ,36,9
46, 2018-10-05 10:10:18.168587+03 ,1,1
47, 2018-10-05 10:10:18.188925+03 ,10,4
48, 2018-10-05 10:10:18.209266+03 ,28,8
49, 2018-10-05 10:10:18.229659+03 ,7,3
50, 2018-10-05 10:10:18.2502+03   ,21,7
51, 2018-10-05 10:10:18.269677+03 ,38,10
52, 2018-10-05 10:10:18.289064+03 ,16,6
53, 2018-10-05 10:10:18.308518+03 ,39,11
54, 2018-10-05 10:11:42.149022+03 ,13,5
55, 2018-10-05 10:11:42.153039+03 ,36,9
56, 2018-10-05 10:11:42.159155+03 ,1,1
57, 2018-10-05 10:11:42.165149+03 ,10,4
58, 2018-10-05 10:11:42.171124+03 ,5,2
59, 2018-10-05 10:11:42.177414+03 ,28,8
60, 2018-10-05 10:11:42.201113+03 ,7,3
61, 2018-10-05 10:11:42.207224+03 ,19,7
62, 2018-10-05 10:11:42.213189+03 ,38,10
63, 2018-10-05 10:11:42.219198+03 ,16,6
64, 2018-10-05 10:11:42.225163+03 ,39,11
65, 2018-10-05 10:12:41.636552+03 ,14,5
66, 2018-10-05 10:12:41.640886+03 ,32,9
67, 2018-10-05 10:12:41.649706+03 ,1,1
68, 2018-10-05 10:12:41.655696+03 ,10,4
69, 2018-10-05 10:12:41.661662+03 ,5,2
70, 2018-10-05 10:12:41.667664+03 ,28,8
71, 2018-10-05 10:12:41.671911+03 ,7,3
72, 2018-10-05 10:12:41.677489+03 ,22,7
73, 2018-10-05 10:12:41.683489+03 ,37,10
74, 2018-10-05 10:12:41.689461+03 ,16,6
75, 2018-10-05 10:12:41.69546+03  ,39,11
76, 2018-10-05 10:17:22.298979+03 ,13,5
77, 2018-10-05 10:17:22.327083+03 ,34,9
78, 2018-10-05 10:17:22.348007+03 ,1,1
79, 2018-10-05 10:17:22.368409+03 ,10,4
80, 2018-10-05 10:17:22.388877+03 ,5,2
81, 2018-10-05 10:17:22.409326+03 ,28,8
82, 2018-10-05 10:17:22.429999+03 ,7,3
83, 2018-10-05 10:17:22.449368+03 ,19,7
84, 2018-10-05 10:17:22.468797+03 ,37,10
85, 2018-10-05 10:17:22.488133+03 ,16,6
86, 2018-10-05 10:17:22.507657+03 ,39,11
87, 2018-10-05 10:18:26.102538+03 ,13,5
88, 2018-10-05 10:18:26.133634+03 ,33,9
89, 2018-10-05 10:18:26.155001+03 ,1,1
90, 2018-10-05 10:18:26.175437+03 ,2,4
91, 2018-10-05 10:18:26.19586+03  ,10,2
92, 2018-10-05 10:18:26.216211+03 ,5,8
93, 2018-10-05 10:18:26.237304+03 ,28,3
94, 2018-10-05 10:18:26.256783+03 ,7,7
95, 2018-10-05 10:18:26.276244+03 ,19,10
96, 2018-10-05 10:18:26.295593+03 ,38,6
97, 2018-10-05 10:18:26.314972+03 ,16,11
98, 2018-10-05 10:28:56.885079+03 ,14,5
99, 2018-10-05 10:28:56.8893+03   ,34,9
100, 2018-10-05 10:28:56.902067+03 ,1,1
101, 2018-10-05 10:28:56.908046+03 ,11,4
102, 2018-10-05 10:28:56.914027+03 ,10,2
103, 2018-10-05 10:28:56.920017+03 ,5,8
104, 2018-10-05 10:28:56.926001+03 ,28,3
105, 2018-10-05 10:28:56.931995+03 ,7,7
106, 2018-10-05 10:28:56.937981+03 ,19,10
107, 2018-10-05 10:28:56.943959+03 ,38,6
108, 2018-10-05 10:28:56.949957+03 ,16,11
109, 2018-10-05 10:38:36.498692+03 ,32,5
110, 2018-10-05 10:38:36.503249+03 ,34,9
111, 2018-10-05 10:38:36.511493+03 ,14,1
112, 2018-10-05 10:38:36.517458+03 ,32,4
113, 2018-10-05 10:38:36.523462+03 ,2,2
114, 2018-10-05 10:38:36.52943+03  ,1,8
115, 2018-10-05 10:38:36.535442+03 ,10,3
116, 2018-10-05 10:38:36.541439+03 ,5,7
117, 2018-10-05 10:38:36.547502+03 ,28,10
118, 2018-10-05 10:38:36.55386+03  ,7,6
119, 2018-10-05 10:38:36.559469+03 ,19,11
120, 2018-10-05 10:41:28.859373+03 ,14,5
121, 2018-10-05 10:41:28.86426+03  ,33,9
122, 2018-10-05 10:41:28.874882+03 ,1,1
123, 2018-10-05 10:41:28.880855+03 ,10,4
124, 2018-10-05 10:41:28.886853+03 ,5,2
125, 2018-10-05 10:41:28.892864+03 ,28,8
126, 2018-10-05 10:41:28.89892+03  ,7,3
127, 2018-10-05 10:41:28.904888+03 ,19,7
128, 2018-10-05 10:41:28.910887+03 ,38,10
129, 2018-10-05 10:41:28.916856+03 ,16,6
130, 2018-10-05 10:41:28.922859+03 ,39,11
131, 2018-10-05 10:43:12.475182+03 ,14,5
132, 2018-10-05 10:43:12.503938+03 ,35,9
133, 2018-10-05 10:43:12.524434+03 ,1,1
134, 2018-10-05 10:43:12.545042+03 ,10,4
135, 2018-10-05 10:43:12.565554+03 ,5,2
136, 2018-10-05 10:43:12.585978+03 ,28,8
137, 2018-10-05 10:43:12.606628+03 ,7,3
138, 2018-10-05 10:43:12.62786+03  ,19,7
139, 2018-10-05 10:43:12.647338+03 ,37,10
140, 2018-10-05 10:43:12.666852+03 ,16,6
141, 2018-10-05 10:43:12.686221+03 ,39,11
142, 2018-10-05 10:43:34.725842+03 ,14,5
143, 2018-10-05 10:43:34.730234+03 ,35,9
144, 2018-10-05 10:43:34.733704+03 ,1,1
145, 2018-10-05 10:43:34.739691+03 ,10,4
146, 2018-10-05 10:43:34.745672+03 ,5,2
147, 2018-10-05 10:43:34.751656+03 ,28,8
148, 2018-10-05 10:43:34.757653+03 ,7,3
149, 2018-10-05 10:43:34.763633+03 ,19,7
150, 2018-10-05 10:43:34.769621+03 ,37,10
151, 2018-10-05 10:43:34.77561+03  ,16,6
152, 2018-10-05 10:43:34.781596+03 ,39,11
153, 2018-10-05 10:44:01.421986+03 ,14,5
154, 2018-10-05 10:44:01.426098+03 ,36,9
155, 2018-10-05 10:44:01.431428+03 ,1,1
156, 2018-10-05 10:44:01.437381+03 ,10,4
157, 2018-10-05 10:44:01.44339+03  ,5,2
158, 2018-10-05 10:44:01.449358+03 ,28,8
159, 2018-10-05 10:44:01.455368+03 ,7,3
160, 2018-10-05 10:44:01.461326+03 ,21,7
161, 2018-10-05 10:44:01.467347+03 ,37,10
162, 2018-10-05 10:44:01.473309+03 ,16,6
163, 2018-10-05 10:44:01.479312+03 ,39,11
164, 2018-10-05 10:44:27.805128+03 ,13,5
165, 2018-10-05 10:44:27.819671+03 ,36,9
166, 2018-10-05 10:44:27.831717+03 ,1,1
167, 2018-10-05 10:44:27.839728+03 ,10,4
168, 2018-10-05 10:44:27.847844+03 ,5,2
169, 2018-10-05 10:44:27.855923+03 ,28,8
170, 2018-10-05 10:44:27.864055+03 ,7,3
171, 2018-10-05 10:44:27.870994+03 ,19,7
172, 2018-10-05 10:44:27.877864+03 ,37,10
173, 2018-10-05 10:44:27.884823+03 ,16,6
174, 2018-10-05 10:44:27.891785+03 ,39,11
175, 2018-10-05 10:44:53.642259+03 ,14,5
176, 2018-10-05 10:44:53.656691+03 ,33,9
177, 2018-10-05 10:44:53.670975+03 ,1,1
178, 2018-10-05 10:44:53.694112+03 ,10,4
179, 2018-10-05 10:44:53.715143+03 ,5,2
180, 2018-10-05 10:44:53.735909+03 ,28,8
181, 2018-10-05 10:44:53.75662+03  ,7,3
182, 2018-10-05 10:44:53.776091+03 ,19,7
183, 2018-10-05 10:44:53.795787+03 ,38,10
184, 2018-10-05 10:44:53.815295+03 ,16,6
185, 2018-10-05 10:44:53.834865+03 ,39,11
186, 2018-10-05 10:46:26.236684+03 ,14,5
187, 2018-10-05 10:46:26.251147+03 ,35,9
188, 2018-10-05 10:46:26.262082+03 ,1,1
189, 2018-10-05 10:46:26.270071+03 ,10,4
190, 2018-10-05 10:46:26.291807+03 ,5,2
191, 2018-10-05 10:46:26.313331+03 ,28,8
192, 2018-10-05 10:46:26.334405+03 ,7,3
193, 2018-10-05 10:46:26.353941+03 ,20,7
194, 2018-10-05 10:46:26.37344+03  ,38,10
195, 2018-10-05 10:46:26.39569+03  ,16,6
196, 2018-10-05 10:46:26.415279+03 ,39,11
197, 2018-10-05 10:47:17.710885+03 ,14,5
198, 2018-10-05 10:47:17.715312+03 ,36,9
199, 2018-10-05 10:47:17.721581+03 ,1,4
200, 2018-10-05 10:47:17.727557+03 ,10,1
201, 2018-10-05 10:47:17.733539+03 ,2,2
202, 2018-10-05 10:47:17.739541+03 ,4,8
203, 2018-10-05 10:47:17.745518+03 ,28,3
204, 2018-10-05 10:47:17.751505+03 ,7,7
205, 2018-10-05 10:47:17.757488+03 ,19,10
206, 2018-10-05 10:47:17.763508+03 ,38,6
207, 2018-10-05 10:47:17.769544+03 ,16,11
208, 2018-10-05 10:47:50.675616+03 ,14,5
209, 2018-10-05 10:47:50.679639+03 ,33,9
210, 2018-10-05 10:47:50.687974+03 ,2,1
211, 2018-10-05 10:47:50.69393+03  ,10,4
212, 2018-10-05 10:47:50.699962+03 ,5,2
213, 2018-10-05 10:47:50.705909+03 ,28,8
214, 2018-10-05 10:47:50.71192+03  ,7,3
215, 2018-10-05 10:47:50.717882+03 ,19,7
216, 2018-10-05 10:47:50.72389+03  ,38,10
217, 2018-10-05 10:47:50.729849+03 ,16,6
218, 2018-10-05 10:47:50.735898+03 ,39,11
219, 2018-10-05 10:49:54.752106+03 ,14,5
220, 2018-10-05 10:49:54.779756+03 ,32,9
221, 2018-10-05 10:49:54.800394+03 ,2,1
222, 2018-10-05 10:49:54.820917+03 ,10,4
223, 2018-10-05 10:49:54.841392+03 ,5,2
224, 2018-10-05 10:49:54.861918+03 ,28,8
225, 2018-10-05 10:49:54.882572+03 ,7,3
226, 2018-10-05 10:49:54.902062+03 ,19,7
227, 2018-10-05 10:49:54.921488+03 ,38,10
228, 2018-10-05 10:49:54.940935+03 ,16,6
229, 2018-10-05 10:49:54.960306+03 ,39,11
230, 2018-10-05 10:52:20.593541+03 ,15,5
231, 2018-10-05 10:52:20.622475+03 ,34,9
232, 2018-10-05 10:52:20.643241+03 ,14,1
233, 2018-10-05 10:52:20.663761+03 ,32,4
234, 2018-10-05 10:52:20.684229+03 ,2,2
235, 2018-10-05 10:52:20.70468+03  ,10,8
236, 2018-10-05 10:52:20.72534+03  ,5,3
237, 2018-10-05 10:52:20.744939+03 ,28,7
238, 2018-10-05 10:52:20.764407+03 ,7,10
239, 2018-10-05 10:52:20.784073+03 ,19,6
240, 2018-10-05 10:52:20.803541+03 ,37,11
241, 2018-10-05 10:53:07.833242+03 ,14,5
242, 2018-10-05 10:53:07.860846+03 ,32,9
243, 2018-10-05 10:53:07.881524+03 ,2,1
244, 2018-10-05 10:53:07.902163+03 ,11,4
245, 2018-10-05 10:53:07.922833+03 ,5,2
246, 2018-10-05 10:53:07.943318+03 ,28,8
247, 2018-10-05 10:53:07.964056+03 ,7,3
248, 2018-10-05 10:53:07.985181+03 ,19,7
249, 2018-10-05 10:53:08.004909+03 ,37,10
250, 2018-10-05 10:53:08.024362+03 ,16,6
251, 2018-10-05 10:53:08.044277+03 ,39,11
252, 2018-10-05 10:54:05.760599+03 ,14,5
253, 2018-10-05 10:54:05.764672+03 ,34,9
254, 2018-10-05 10:54:05.772685+03 ,2,1
255, 2018-10-05 10:54:05.778673+03 ,10,4
256, 2018-10-05 10:54:05.784659+03 ,4,2
257, 2018-10-05 10:54:05.79109+03  ,28,8
258, 2018-10-05 10:54:05.796636+03 ,7,3
259, 2018-10-05 10:54:05.802612+03 ,21,7
260, 2018-10-05 10:54:05.808654+03 ,38,10
261, 2018-10-05 10:54:05.814594+03 ,16,6
262, 2018-10-05 10:54:05.820571+03 ,39,11
263, 2018-10-05 10:55:04.160595+03 ,14,5
264, 2018-10-05 10:55:04.188561+03 ,34,9
265, 2018-10-05 10:55:04.209279+03 ,33,1
266, 2018-10-05 10:55:04.229852+03 ,2,4
267, 2018-10-05 10:55:04.250365+03 ,10,2
268, 2018-10-05 10:55:04.271248+03 ,4,8
269, 2018-10-05 10:55:04.292032+03 ,28,3
270, 2018-10-05 10:55:04.311538+03 ,7,7
271, 2018-10-05 10:55:04.331734+03 ,21,10
272, 2018-10-05 10:55:04.352052+03 ,37,6
273, 2018-10-05 10:55:04.371949+03 ,16,11
274, 2018-10-05 10:55:54.088038+03 ,14,5
275, 2018-10-05 10:55:54.092785+03 ,32,9
276, 2018-10-05 10:55:54.102403+03 ,2,1
277, 2018-10-05 10:55:54.108382+03 ,10,4
278, 2018-10-05 10:55:54.114366+03 ,5,2
279, 2018-10-05 10:55:54.120348+03 ,28,8
280, 2018-10-05 10:55:54.126341+03 ,7,3
281, 2018-10-05 10:55:54.132339+03 ,20,7
282, 2018-10-05 10:55:54.138315+03 ,37,10
283, 2018-10-05 10:55:54.14434+03  ,16,6
284, 2018-10-05 10:55:54.150381+03 ,39,11
285, 2018-10-05 10:56:48.725445+03 ,13,5
286, 2018-10-05 10:56:48.754342+03 ,33,9
287, 2018-10-05 10:56:48.775248+03 ,1,1
288, 2018-10-05 10:56:48.795818+03 ,10,4
289, 2018-10-05 10:56:48.816319+03 ,5,2
290, 2018-10-05 10:56:48.837035+03 ,28,8
291, 2018-10-05 10:56:48.857875+03 ,7,3
292, 2018-10-05 10:56:48.877439+03 ,21,7
293, 2018-10-05 10:56:48.897002+03 ,38,10
294, 2018-10-05 10:56:48.916412+03 ,16,6
295, 2018-10-05 10:56:48.935913+03 ,39,11
296, 2018-10-05 10:57:38.058398+03 ,14,5
297, 2018-10-05 10:57:38.062458+03 ,32,9
298, 2018-10-05 10:57:38.071127+03 ,2,1
299, 2018-10-05 10:57:38.077096+03 ,10,4
300, 2018-10-05 10:57:38.083099+03 ,5,2
301, 2018-10-05 10:57:38.089099+03 ,28,8
302, 2018-10-05 10:57:38.095157+03 ,7,3
303, 2018-10-05 10:57:38.101115+03 ,19,7
304, 2018-10-05 10:57:38.107126+03 ,38,10
305, 2018-10-05 10:57:38.113094+03 ,16,6
306, 2018-10-05 10:57:38.119105+03 ,39,11
307, 2018-10-05 10:58:35.644734+03 ,14,5
308, 2018-10-05 10:58:35.658823+03 ,31,9
309, 2018-10-05 10:58:35.666651+03 ,2,1
310, 2018-10-05 10:58:35.674497+03 ,10,4
311, 2018-10-05 10:58:35.682334+03 ,5,8
312, 2018-10-05 10:58:35.68884+03  ,28,2
313, 2018-10-05 10:58:35.693488+03 ,4,3
314, 2018-10-05 10:58:35.699452+03 ,7,7
315, 2018-10-05 10:58:35.705419+03 ,19,10
316, 2018-10-05 10:58:35.711452+03 ,38,6
317, 2018-10-05 10:58:35.71748+03  ,16,11
318, 2018-10-05 11:01:12.344452+03 ,14,5
319, 2018-10-05 11:01:12.372417+03 ,31,9
320, 2018-10-05 11:01:12.393034+03 ,36,1
321, 2018-10-05 11:01:12.413473+03 ,2,4
322, 2018-10-05 11:01:12.43398+03  ,10,2
323, 2018-10-05 11:01:12.45446+03  ,4,8
324, 2018-10-05 11:01:12.475178+03 ,5,3
325, 2018-10-05 11:01:12.494543+03 ,28,7
326, 2018-10-05 11:01:12.514023+03 ,7,10
327, 2018-10-05 11:01:12.533433+03 ,19,6
328, 2018-10-05 11:01:12.552854+03 ,38,11
329, 2018-10-05 11:33:13.854847+03 ,14,5
330, 2018-10-05 11:33:13.859471+03 ,33,9
331, 2018-10-05 11:33:13.871004+03 ,1,1
332, 2018-10-05 11:33:13.876919+03 ,10,4
333, 2018-10-05 11:33:13.882916+03 ,5,2
334, 2018-10-05 11:33:13.888891+03 ,28,8
335, 2018-10-05 11:33:13.894901+03 ,7,3
336, 2018-10-05 11:33:13.901243+03 ,21,7
337, 2018-10-05 11:33:13.906867+03 ,37,10
338, 2018-10-05 11:33:13.912835+03 ,16,6
339, 2018-10-05 11:33:13.918843+03 ,39,11
340, 2018-10-05 11:40:44.994413+03 ,14,5
341, 2018-10-05 11:40:44.99873+03  ,33,9
342, 2018-10-05 11:40:45.008033+03 ,1,1
343, 2018-10-05 11:40:45.01398+03  ,10,4
344, 2018-10-05 11:40:45.019994+03 ,5,2
345, 2018-10-05 11:40:45.025955+03 ,28,8
346, 2018-10-05 11:40:45.031972+03 ,7,3
347, 2018-10-05 11:40:45.037935+03 ,19,7
348, 2018-10-05 11:40:45.04395+03  ,38,10
349, 2018-10-05 11:40:45.049909+03 ,16,6
350, 2018-10-05 11:40:45.055921+03 ,39,11
351, 2018-10-06 11:13:37.355442+03 ,13,5
352, 2018-10-06 11:13:37.391528+03 ,1,1
353, 2018-10-06 11:13:37.412093+03 ,4,2
354, 2018-10-06 11:13:37.432457+03 ,26,8
355, 2018-10-06 11:13:37.452861+03 ,7,7
356, 2018-10-06 11:13:37.473262+03 ,19,10
357, 2018-10-06 11:13:37.493955+03 ,38,6
358, 2018-10-06 11:13:37.513384+03 ,16,11
359, 2018-10-06 11:13:37.532813+03 ,40,9
360, 2018-10-06 11:13:37.552205+03 ,35,4
361, 2018-10-06 11:17:49.968574+03 ,14,9
362, 2018-10-06 11:17:49.997354+03 ,36,1
363, 2018-10-06 11:17:50.018316+03 ,1,4
364, 2018-10-06 11:17:50.039076+03 ,10,2
365, 2018-10-06 11:17:50.059628+03 ,5,8
366, 2018-10-06 11:17:50.080187+03 ,26,3
367, 2018-10-06 11:17:50.100949+03 ,7,10
368, 2018-10-06 11:17:50.120418+03 ,38,11
369, 2018-10-06 11:17:50.139908+03 ,16,5
370, 2018-10-06 11:34:18.643323+03 ,13,5
371, 2018-10-06 11:34:18.675671+03 ,32,9
372, 2018-10-06 11:34:18.696266+03 ,1,1
373, 2018-10-06 11:34:18.716716+03 ,11,4
374, 2018-10-06 11:34:18.737209+03 ,5,2
375, 2018-10-06 11:34:18.757906+03 ,26,8
376, 2018-10-06 11:34:18.778624+03 ,7,3
377, 2018-10-06 11:34:18.7981+03   ,38,10
378, 2018-10-06 11:34:18.817526+03 ,40,11
379, 2018-10-06 11:37:18.512647+03 ,13,5
380, 2018-10-06 11:37:18.517059+03 ,34,9
381, 2018-10-06 11:37:18.525406+03 ,1,1
382, 2018-10-06 11:37:18.531383+03 ,12,4
383, 2018-10-06 11:37:18.537365+03 ,5,2
384, 2018-10-06 11:37:18.543387+03 ,26,8
385, 2018-10-06 11:37:18.549426+03 ,7,3
386, 2018-10-06 11:37:18.555415+03 ,38,10
387, 2018-10-06 11:37:18.561399+03 ,16,6
388, 2018-10-06 11:37:18.56739+03  ,40,11
389, 2018-10-06 11:38:33.592679+03 ,13,5
390, 2018-10-06 11:38:33.606588+03 ,32,9
391, 2018-10-06 11:38:33.615238+03 ,1,1
392, 2018-10-06 11:38:33.623201+03 ,10,4
393, 2018-10-06 11:38:33.631106+03 ,5,2
394, 2018-10-06 11:38:33.639199+03 ,26,8
395, 2018-10-06 11:38:33.647313+03 ,20,7
396, 2018-10-06 11:38:33.654181+03 ,21,10
397, 2018-10-06 11:38:33.675563+03 ,20,6
398, 2018-10-06 11:38:33.695667+03 ,38,11
399, 2018-10-06 11:40:47.070861+03 ,13,5
400, 2018-10-06 11:40:47.075084+03 ,33,9
401, 2018-10-06 11:40:47.083896+03 ,2,1
402, 2018-10-06 11:40:47.089861+03 ,10,4
403, 2018-10-06 11:40:47.095859+03 ,4,2
404, 2018-10-06 11:40:47.101832+03 ,26,8
405, 2018-10-06 11:40:47.107834+03 ,7,3
406, 2018-10-06 11:40:47.113811+03 ,19,7
407, 2018-10-06 11:40:47.119809+03 ,38,10
408, 2018-10-06 11:40:47.12582+03  ,16,6
409, 2018-10-06 11:40:47.131893+03 ,40,11
410, 2018-10-06 11:42:27.016636+03 ,13,5
411, 2018-10-06 11:42:27.0462+03   ,35,9
412, 2018-10-06 11:42:27.067102+03 ,1,1
413, 2018-10-06 11:42:27.087669+03 ,11,4
414, 2018-10-06 11:42:27.108161+03 ,4,2
415, 2018-10-06 11:42:27.128661+03 ,26,8
416, 2018-10-06 11:42:27.149349+03 ,7,3
417, 2018-10-06 11:42:27.168882+03 ,20,7
418, 2018-10-06 11:42:27.191242+03 ,38,10
419, 2018-10-06 11:42:27.210689+03 ,16,6
420, 2018-10-06 11:42:27.230127+03 ,40,11
421, 2018-10-06 11:43:41.440701+03 ,14,5
422, 2018-10-06 11:43:41.47059+03  ,32,9
423, 2018-10-06 11:43:41.491121+03 ,1,1
424, 2018-10-06 11:43:41.494791+03 ,11,4
425, 2018-10-06 11:43:41.50075+03  ,4,2
426, 2018-10-06 11:43:41.506727+03 ,26,8
427, 2018-10-06 11:43:41.512862+03 ,7,3
428, 2018-10-06 11:43:41.51914+03  ,19,7
429, 2018-10-06 11:43:41.524702+03 ,38,10
430, 2018-10-06 11:43:41.530664+03 ,16,6
431, 2018-10-06 11:43:41.536649+03 ,40,11
432, 2018-10-06 11:45:07.177638+03 ,13,5
433, 2018-10-06 11:45:07.19198+03  ,32,9
434, 2018-10-06 11:45:07.200231+03 ,2,1
435, 2018-10-06 11:45:07.208151+03 ,10,4
436, 2018-10-06 11:45:07.216101+03 ,5,2
437, 2018-10-06 11:45:07.223997+03 ,26,8
438, 2018-10-06 11:45:07.232093+03 ,7,3
439, 2018-10-06 11:45:07.239034+03 ,19,7
440, 2018-10-06 11:45:07.245789+03 ,38,10
441, 2018-10-06 11:45:07.252687+03 ,16,6
442, 2018-10-06 11:45:07.259709+03 ,40,11
443, 2018-10-06 12:00:40.346423+03 ,13,5
444, 2018-10-06 12:00:40.375146+03 ,14,9
445, 2018-10-06 12:00:40.395898+03 ,33,1
446, 2018-10-06 12:00:40.416364+03 ,1,4
447, 2018-10-06 12:00:40.436834+03 ,12,2
448, 2018-10-06 12:00:40.457339+03 ,4,8
449, 2018-10-06 12:00:40.477997+03 ,26,3
450, 2018-10-06 12:00:40.497449+03 ,7,10
451, 2018-10-06 12:00:40.516916+03 ,38,11
452, 2018-10-06 12:30:02.412997+03 ,15,9
453, 2018-10-06 12:30:02.428222+03 ,35,1
454, 2018-10-06 12:30:02.438554+03 ,1,5
455, 2018-10-06 12:30:02.447158+03 ,13,4
456, 2018-10-06 12:30:02.455065+03 ,12,2
457, 2018-10-06 12:30:02.462885+03 ,11,8
458, 2018-10-06 12:30:02.47092+03  ,5,7
459, 2018-10-06 12:30:02.477728+03 ,26,10
460, 2018-10-06 12:30:02.48462+03  ,20,6
461, 2018-10-06 12:30:02.491479+03 ,38,11
462, 2018-10-06 12:31:37.553645+03 ,14,5
463, 2018-10-06 12:31:37.557901+03 ,33,9
464, 2018-10-06 12:31:37.563866+03 ,1,1
465, 2018-10-06 12:31:37.569821+03 ,12,4
466, 2018-10-06 12:31:37.575821+03 ,4,2
467, 2018-10-06 12:31:37.581808+03 ,26,8
468, 2018-10-06 12:31:37.587798+03 ,7,3
469, 2018-10-06 12:31:37.593774+03 ,38,10
470, 2018-10-06 12:31:37.599762+03 ,16,6
471, 2018-10-06 12:31:37.605741+03 ,40,11
472, 2018-10-06 12:36:06.362428+03 ,13,5
473, 2018-10-06 12:36:06.36668+03  ,32,9
474, 2018-10-06 12:36:06.372472+03 ,1,1
475, 2018-10-06 12:36:06.378488+03 ,12,4
476, 2018-10-06 12:36:06.384493+03 ,11,2
477, 2018-10-06 12:36:06.390446+03 ,5,8
478, 2018-10-06 12:36:06.396431+03 ,26,3
479, 2018-10-06 12:36:06.40242+03  ,7,10
480, 2018-10-06 12:36:06.408427+03 ,38,6
481, 2018-10-06 12:36:06.414393+03 ,16,11
482, 2018-10-06 12:38:46.044482+03 ,14,5
483, 2018-10-06 12:38:46.048949+03 ,32,9
484, 2018-10-06 12:38:46.057608+03 ,1,1
485, 2018-10-06 12:38:46.063661+03 ,10,4
486, 2018-10-06 12:38:46.070452+03 ,5,2
487, 2018-10-06 12:38:46.076437+03 ,26,8
488, 2018-10-06 12:38:46.08246+03  ,21,7
489, 2018-10-06 12:38:46.088423+03 ,38,10
490, 2018-10-06 12:38:46.094415+03 ,40,11
491, 2018-10-06 12:40:03.204715+03 ,15,5
492, 2018-10-06 12:40:03.208736+03 ,35,9
493, 2018-10-06 12:40:03.217856+03 ,1,1
494, 2018-10-06 12:40:03.220465+03 ,12,4
495, 2018-10-06 12:40:03.22398+03  ,5,2
496, 2018-10-06 12:40:03.229896+03 ,26,8
497, 2018-10-06 12:40:03.235908+03 ,9,3
498, 2018-10-06 12:40:03.241877+03 ,19,7
499, 2018-10-06 12:40:03.247887+03 ,38,10
500, 2018-10-06 12:40:03.253855+03 ,18,6
501, 2018-10-06 12:40:03.259867+03 ,40,11
502, 2018-10-06 12:42:16.226752+03 ,13,5
503, 2018-10-06 12:42:16.231337+03 ,36,9
504, 2018-10-06 12:42:16.239781+03 ,1,1
505, 2018-10-06 12:42:16.242824+03 ,10,4
506, 2018-10-06 12:42:16.248353+03 ,5,2
507, 2018-10-06 12:42:16.254362+03 ,26,8
508, 2018-10-06 12:42:16.260396+03 ,7,3
509, 2018-10-06 12:42:16.266336+03 ,20,7
510, 2018-10-06 12:42:16.272369+03 ,19,10
511, 2018-10-06 12:42:16.278325+03 ,38,6
512, 2018-10-06 12:42:16.284363+03 ,16,11
513, 2018-10-06 12:44:43.763784+03 ,14,5
514, 2018-10-06 12:44:43.767859+03 ,33,9
515, 2018-10-06 12:44:43.776853+03 ,1,1
516, 2018-10-06 12:44:43.782858+03 ,11,4
517, 2018-10-06 12:44:43.78882+03  ,12,2
518, 2018-10-06 12:44:43.794868+03 ,5,8
519, 2018-10-06 12:44:43.800885+03 ,26,7
520, 2018-10-06 12:44:43.806866+03 ,7,10
521, 2018-10-06 12:44:43.812849+03 ,20,11
522, 2018-10-06 12:45:43.904534+03 ,13,5
523, 2018-10-06 12:45:43.918535+03 ,36,9
524, 2018-10-06 12:45:43.927961+03 ,1,1
525, 2018-10-06 12:45:43.935984+03 ,11,4
526, 2018-10-06 12:45:43.943966+03 ,10,8
527, 2018-10-06 12:45:43.951942+03 ,5,2
528, 2018-10-06 12:45:43.960127+03 ,4,3
529, 2018-10-06 12:45:43.967162+03 ,26,7
530, 2018-10-06 12:45:43.974089+03 ,5,10
531, 2018-10-06 12:45:43.981104+03 ,7,6
532, 2018-10-06 12:45:43.988015+03 ,19,11
533, 2018-10-06 12:53:16.229582+03 ,13,5
534, 2018-10-06 12:53:16.23387+03  ,35,9
535, 2018-10-06 12:53:16.240597+03 ,1,1
536, 2018-10-06 12:53:16.246594+03 ,10,4
537, 2018-10-06 12:53:16.252567+03 ,11,2
538, 2018-10-06 12:53:16.258565+03 ,5,8
539, 2018-10-06 12:53:16.264552+03 ,26,3
540, 2018-10-06 12:53:16.270543+03 ,7,7
541, 2018-10-06 12:53:16.27652+03  ,19,10
542, 2018-10-06 12:53:16.282518+03 ,38,11
543, 2018-10-06 12:53:16.288576+03 ,39,6
544, 2018-10-06 12:54:14.545351+03 ,14,5
545, 2018-10-06 12:54:14.573595+03 ,34,9
546, 2018-10-06 12:54:14.595023+03 ,1,1
547, 2018-10-06 12:54:14.615787+03 ,10,4
548, 2018-10-06 12:54:14.636419+03 ,12,2
549, 2018-10-06 12:54:14.657149+03 ,5,8
550, 2018-10-06 12:54:14.678004+03 ,26,7
551, 2018-10-06 12:54:14.69766+03  ,20,10
552, 2018-10-06 12:54:14.717283+03 ,38,11
553, 2018-10-06 12:55:50.995333+03 ,15,5
554, 2018-10-06 12:55:50.999445+03 ,13,9
555, 2018-10-06 12:55:51.002542+03 ,14,1
556, 2018-10-06 12:55:51.008528+03 ,32,2
557, 2018-10-06 12:55:51.014566+03 ,1,8
558, 2018-10-06 12:55:51.020543+03 ,1,3
559, 2018-10-06 12:55:51.026544+03 ,3,7
560, 2018-10-06 12:55:51.032516+03 ,5,10
561, 2018-10-06 12:55:51.03851+03  ,26,11
562, 2018-10-06 12:57:19.755563+03 ,15,5
563, 2018-10-06 12:57:19.784844+03 ,35,9
564, 2018-10-06 12:57:19.812727+03 ,3,1
565, 2018-10-06 12:57:19.833368+03 ,12,4
566, 2018-10-06 12:57:19.853862+03 ,1,2
567, 2018-10-06 12:57:19.874508+03 ,2,8
568, 2018-10-06 12:57:19.895316+03 ,11,7
569, 2018-10-06 12:57:19.91469+03  ,6,10
570, 2018-10-06 12:57:19.93409+03  ,26,11
571, 2018-10-06 12:58:52.833576+03 ,13,5
572, 2018-10-06 12:58:52.869041+03 ,36,9
573, 2018-10-06 12:58:52.889887+03 ,1,1
574, 2018-10-06 12:58:52.910427+03 ,11,4
575, 2018-10-06 12:58:52.931064+03 ,10,2
576, 2018-10-06 12:58:52.951574+03 ,5,8
577, 2018-10-06 12:58:52.97226+03  ,26,3
578, 2018-10-06 12:58:52.991893+03 ,7,10
579, 2018-10-06 12:58:53.011356+03 ,38,11
580, 2018-10-06 13:00:37.560842+03 ,13,5
581, 2018-10-06 13:00:37.589482+03 ,36,9
582, 2018-10-06 13:00:37.613438+03 ,1,1
583, 2018-10-06 13:00:37.634012+03 ,10,4
584, 2018-10-06 13:00:37.654481+03 ,5,2
585, 2018-10-06 13:00:37.675109+03 ,26,8
586, 2018-10-06 13:00:37.695808+03 ,7,3
587, 2018-10-06 13:00:37.715311+03 ,38,10
588, 2018-10-06 13:00:37.734711+03 ,16,6
589, 2018-10-06 13:00:37.754137+03 ,40,11
590, 2018-10-06 13:02:41.152657+03 ,15,5
591, 2018-10-06 13:02:41.181124+03 ,33,9
592, 2018-10-06 13:02:41.20214+03  ,2,1
593, 2018-10-06 13:02:41.222641+03 ,10,4
594, 2018-10-06 13:02:41.243127+03 ,4,2
595, 2018-10-06 13:02:41.263821+03 ,26,8
596, 2018-10-06 13:02:41.284568+03 ,7,3
597, 2018-10-06 13:02:41.304082+03 ,19,7
598, 2018-10-06 13:02:41.323585+03 ,38,10
599, 2018-10-06 13:02:41.343113+03 ,16,6
600, 2018-10-06 13:02:41.362532+03 ,40,11
601, 2018-10-06 13:04:15.438202+03 ,13,5
602, 2018-10-06 13:04:15.442284+03 ,34,9
603, 2018-10-06 13:04:15.451352+03 ,1,1
604, 2018-10-06 13:04:15.457363+03 ,10,4
605, 2018-10-06 13:04:15.46341+03  ,5,2
606, 2018-10-06 13:04:15.469372+03 ,26,8
607, 2018-10-06 13:04:15.475378+03 ,7,3
608, 2018-10-06 13:04:15.481346+03 ,38,10
609, 2018-10-06 13:04:15.487359+03 ,16,6
610, 2018-10-06 13:04:15.493324+03 ,40,11
611, 2018-10-06 13:05:37.702768+03 ,13,5
612, 2018-10-06 13:05:37.730595+03 ,33,9
613, 2018-10-06 13:05:37.75138+03  ,2,1
614, 2018-10-06 13:05:37.771931+03 ,3,4
615, 2018-10-06 13:05:37.792374+03 ,10,2
616, 2018-10-06 13:05:37.812871+03 ,5,8
617, 2018-10-06 13:05:37.833497+03 ,26,3
618, 2018-10-06 13:05:37.853223+03 ,7,10
619, 2018-10-06 13:05:37.873045+03 ,38,7
620, 2018-10-06 13:05:37.892624+03 ,19,6
621, 2018-10-06 13:05:37.912035+03 ,16,11
622, 2018-10-06 13:06:34.958032+03 ,13,5
623, 2018-10-06 13:06:34.969433+03 ,15,9
624, 2018-10-06 13:06:34.975754+03 ,35,1
625, 2018-10-06 13:06:34.981283+03 ,2,4
626, 2018-10-06 13:06:34.987288+03 ,12,2
627, 2018-10-06 13:06:34.99325+03  ,5,8
628, 2018-10-06 13:06:34.999252+03 ,26,3
629, 2018-10-06 13:06:35.005226+03 ,8,10
630, 2018-10-06 13:06:35.011224+03 ,9,6
631, 2018-10-06 13:06:35.017203+03 ,38,11
632, 2018-10-06 13:07:45.280866+03 ,13,5
633, 2018-10-06 13:07:45.285516+03 ,32,9
634, 2018-10-06 13:07:45.294133+03 ,1,1
635, 2018-10-06 13:07:45.300176+03 ,10,4
636, 2018-10-06 13:07:45.306142+03 ,4,2
637, 2018-10-06 13:07:45.312147+03 ,26,8
638, 2018-10-06 13:07:45.318119+03 ,7,3
639, 2018-10-06 13:07:45.324537+03 ,19,7
640, 2018-10-06 13:07:45.330093+03 ,20,10
641, 2018-10-06 13:07:45.336129+03 ,38,6
642, 2018-10-06 13:07:45.342154+03 ,16,11
643, 2018-10-06 13:10:16.056218+03 ,13,5
644, 2018-10-06 13:10:16.07354+03  ,34,9
645, 2018-10-06 13:10:16.089352+03 ,1,1
646, 2018-10-06 13:10:16.105218+03 ,10,4
647, 2018-10-06 13:10:16.121044+03 ,5,2
648, 2018-10-06 13:10:16.136882+03 ,4,8
649, 2018-10-06 13:10:16.152666+03 ,5,3
650, 2018-10-06 13:10:16.168347+03 ,6,7
651, 2018-10-06 13:10:16.18399+03  ,5,10
652, 2018-10-06 13:10:16.199659+03 ,4,6
653, 2018-10-06 13:10:16.215401+03 ,26,11
654, 2018-10-06 13:11:02.237452+03 ,13,5
655, 2018-10-06 13:11:02.26553+03  ,33,9
656, 2018-10-06 13:11:02.286308+03 ,1,1
657, 2018-10-06 13:11:02.307+03    ,10,4
658, 2018-10-06 13:11:02.327517+03 ,6,2
659, 2018-10-06 13:11:02.348115+03 ,26,8
660, 2018-10-06 13:11:02.368827+03 ,7,3
661, 2018-10-06 13:11:02.388337+03 ,20,7
662, 2018-10-06 13:11:02.407893+03 ,21,10
663, 2018-10-06 13:11:02.42736+03  ,38,6
664, 2018-10-06 13:11:02.44696+03  ,16,11
665, 2018-10-06 13:12:03.838027+03 ,15,5
666, 2018-10-06 13:12:03.842019+03 ,35,9
667, 2018-10-06 13:12:03.852499+03 ,2,1
668, 2018-10-06 13:12:03.858202+03 ,10,4
669, 2018-10-06 13:12:03.864493+03 ,5,2
670, 2018-10-06 13:12:03.87048+03  ,26,8
671, 2018-10-06 13:12:03.876482+03 ,9,3
672, 2018-10-06 13:12:03.882454+03 ,20,7
673, 2018-10-06 13:12:03.888441+03 ,38,10
674, 2018-10-06 13:12:03.894428+03 ,18,6
675, 2018-10-06 13:12:03.900419+03 ,40,11
676, 2018-10-06 13:13:55.371867+03 ,13,5
677, 2018-10-06 13:13:55.400724+03 ,33,9
678, 2018-10-06 13:13:55.421931+03 ,1,1
679, 2018-10-06 13:13:55.442505+03 ,10,4
680, 2018-10-06 13:13:55.463253+03 ,5,2
681, 2018-10-06 13:13:55.483846+03 ,26,8
682, 2018-10-06 13:13:55.50505+03  ,7,3
683, 2018-10-06 13:13:55.524519+03 ,19,7
684, 2018-10-06 13:13:55.543997+03 ,38,10
685, 2018-10-06 13:13:55.563442+03 ,16,6
686, 2018-10-06 13:13:55.582926+03 ,40,11
687, 2018-10-06 13:14:22.139668+03 ,13,5
688, 2018-10-06 13:14:22.153644+03 ,34,9
689, 2018-10-06 13:14:22.161521+03 ,1,1
690, 2018-10-06 13:14:22.169392+03 ,10,4
691, 2018-10-06 13:14:22.177367+03 ,5,2
692, 2018-10-06 13:14:22.185362+03 ,26,8
693, 2018-10-06 13:14:22.193499+03 ,7,3
694, 2018-10-06 13:14:22.200385+03 ,20,7
695, 2018-10-06 13:14:22.207293+03 ,38,10
696, 2018-10-06 13:14:22.214194+03 ,16,6
697, 2018-10-06 13:14:22.221089+03 ,40,11
698, 2018-10-06 13:15:33.843498+03 ,14,5
699, 2018-10-06 13:15:33.871583+03 ,34,9
700, 2018-10-06 13:15:33.892692+03 ,2,1
701, 2018-10-06 13:15:33.913245+03 ,10,4
702, 2018-10-06 13:15:33.933748+03 ,4,2
703, 2018-10-06 13:15:33.954257+03 ,26,8
704, 2018-10-06 13:15:33.975049+03 ,7,3
705, 2018-10-06 13:15:33.994496+03 ,20,7
706, 2018-10-06 13:15:34.014042+03 ,38,10
707, 2018-10-06 13:15:34.033481+03 ,16,6
708, 2018-10-06 13:15:34.052949+03 ,40,11
709, 2018-10-06 13:16:34.825561+03 ,13,5
710, 2018-10-06 13:16:34.853183+03 ,33,9
711, 2018-10-06 13:16:34.873862+03 ,36,1
712, 2018-10-06 13:16:34.894331+03 ,1,4
713, 2018-10-06 13:16:34.914913+03 ,10,2
714, 2018-10-06 13:16:34.935345+03 ,5,8
715, 2018-10-06 13:16:34.956073+03 ,26,3
716, 2018-10-06 13:16:34.975511+03 ,7,10
717, 2018-10-06 13:16:34.994903+03 ,38,6
718, 2018-10-06 13:16:35.01442+03  ,16,11
719, 2018-10-06 13:20:11.492329+03 ,13,5
720, 2018-10-06 13:20:11.521686+03 ,33,9
721, 2018-10-06 13:20:11.542968+03 ,1,1
722, 2018-10-06 13:20:11.563472+03 ,10,4
723, 2018-10-06 13:20:11.583964+03 ,5,2
724, 2018-10-06 13:20:11.604387+03 ,26,8
725, 2018-10-06 13:20:11.625085+03 ,7,3
726, 2018-10-06 13:20:11.644589+03 ,19,7
727, 2018-10-06 13:20:11.664017+03 ,38,10
728, 2018-10-06 13:20:11.683418+03 ,40,11
729, 2018-10-06 13:50:10.266907+03 ,13,5
730, 2018-10-06 13:50:10.299217+03 ,32,9
731, 2018-10-06 13:50:10.320575+03 ,1,1
732, 2018-10-06 13:50:10.341041+03 ,12,4
733, 2018-10-06 13:50:10.361458+03 ,11,2
734, 2018-10-06 13:50:10.381871+03 ,10,8
735, 2018-10-06 13:50:10.402464+03 ,5,3
736, 2018-10-06 13:50:10.421936+03 ,26,7
737, 2018-10-06 13:50:10.441364+03 ,7,10
738, 2018-10-06 13:50:10.461003+03 ,19,6
739, 2018-10-06 13:50:10.480352+03 ,38,11
740, 2018-10-06 13:53:14.504346+03 ,13,5
741, 2018-10-06 13:53:14.53325+03  ,14,9
742, 2018-10-06 13:53:14.55419+03  ,35,1
743, 2018-10-06 13:53:14.574828+03 ,1,4
744, 2018-10-06 13:53:14.595379+03 ,10,8
745, 2018-10-06 13:53:14.615895+03 ,5,2
746, 2018-10-06 13:53:14.636469+03 ,26,3
747, 2018-10-06 13:53:14.656013+03 ,6,10
748, 2018-10-06 13:53:14.675483+03 ,7,11
749, 2018-10-06 14:00:19.99779+03  ,13,5
750, 2018-10-06 14:00:20.026579+03 ,32,9
751, 2018-10-06 14:00:20.047696+03 ,1,1
752, 2018-10-06 14:00:20.068159+03 ,10,4
753, 2018-10-06 14:00:20.088541+03 ,5,2
754, 2018-10-06 14:00:20.109206+03 ,4,8
755, 2018-10-06 14:00:20.12997+03  ,26,3
756, 2018-10-06 14:00:20.149458+03 ,7,7
757, 2018-10-06 14:00:20.168921+03 ,19,10
758, 2018-10-06 14:00:20.188282+03 ,38,6
759, 2018-10-06 14:00:20.207678+03 ,16,11
760, 2018-10-06 14:03:11.18868+03  ,14,5
761, 2018-10-06 14:03:11.193473+03 ,33,9
762, 2018-10-06 14:03:11.200701+03 ,34,1
763, 2018-10-06 14:03:11.206739+03 ,1,4
764, 2018-10-06 14:03:11.212703+03 ,11,8
765, 2018-10-06 14:03:11.21879+03  ,4,3
766, 2018-10-06 14:03:11.22472+03  ,5,10
767, 2018-10-06 14:03:11.230757+03 ,4,11
768, 2018-10-06 14:03:11.236697+03 ,26,2
769, 2018-10-07 19:22:39.548102+03 ,13,5
770, 2018-10-07 19:22:39.613769+03 ,31,9
771, 2018-10-07 19:22:39.623429+03 ,1,1
772, 2018-10-07 19:22:39.627514+03 ,16,6
773, 2018-10-07 19:22:39.633417+03 ,39,11
774, 2018-10-07 19:23:21.600591+03 ,13,5
775, 2018-10-07 19:23:21.604816+03 ,36,9
776, 2018-10-07 19:23:21.610815+03 ,1,1
777, 2018-10-07 19:23:21.616796+03 ,10,4
778, 2018-10-07 19:23:21.622776+03 ,4,2
779, 2018-10-07 19:23:21.628771+03 ,26,8
780, 2018-10-07 19:23:21.634754+03 ,7,3
781, 2018-10-07 19:23:21.640747+03 ,19,7
782, 2018-10-07 19:23:21.646758+03 ,37,10
783, 2018-10-07 19:23:21.652797+03 ,16,6
784, 2018-10-07 19:23:21.658801+03 ,39,11
785, 2018-10-07 22:21:48.428418+03 ,14,5
786, 2018-10-07 22:21:48.433232+03 ,32,9
787, 2018-10-07 22:21:48.444672+03 ,1,1
788, 2018-10-07 22:21:48.450649+03 ,11,4
789, 2018-10-07 22:21:48.456661+03 ,4,2
790, 2018-10-07 22:21:48.462696+03 ,27,8
791, 2018-10-07 22:21:48.468692+03 ,26,3
792, 2018-10-07 22:21:48.474672+03 ,7,7
793, 2018-10-07 22:21:48.480655+03 ,19,10
794, 2018-10-07 22:21:48.486646+03 ,37,6
795, 2018-10-07 22:21:48.49264+03  ,16,11
796, 2018-10-07 22:22:58.359613+03 ,13,11
797, 2018-10-07 22:32:52.052648+03 ,40,11
798, 2018-10-09 13:37:48.082912+03 ,13,5
799, 2018-10-09 13:37:48.087578+03 ,33,9
800, 2018-10-09 13:37:48.097116+03 ,1,1
801, 2018-10-09 13:37:48.103189+03 ,11,4
802, 2018-10-09 13:37:48.109154+03 ,5,2
803, 2018-10-09 13:37:48.115146+03 ,26,8
804, 2018-10-09 13:37:48.121132+03 ,7,3
805, 2018-10-09 13:37:48.12717+03  ,23,7
806, 2018-10-09 13:37:48.133194+03 ,37,10
807, 2018-10-09 13:37:48.139188+03 ,16,6
808, 2018-10-09 13:37:48.14516+03  ,40,11
809, 2018-10-10 11:12:57.903891+03 ,14,5
810, 2018-10-10 11:12:57.908744+03 ,32,9
811, 2018-10-10 11:12:57.91598+03  ,1,1
812, 2018-10-10 11:12:57.922035+03 ,12,4
813, 2018-10-10 11:12:57.928074+03 ,5,2
814, 2018-10-10 11:12:57.934012+03 ,26,8
815, 2018-10-10 11:12:57.940035+03 ,7,3
816, 2018-10-10 11:12:57.945987+03 ,19,7
817, 2018-10-10 11:12:57.951977+03 ,38,10
818, 2018-10-10 11:12:57.965934+03 ,16,6
819, 2018-10-10 11:12:57.96992+03  ,40,11
820, 2018-10-10 11:13:35.84471+03  ,14,5
821, 2018-10-10 11:13:35.848787+03 ,32,9
822, 2018-10-10 11:13:35.85814+03  ,1,1
823, 2018-10-10 11:13:35.864112+03 ,10,4
824, 2018-10-10 11:13:35.870091+03 ,4,2
825, 2018-10-10 11:13:35.876089+03 ,26,8
826, 2018-10-10 11:13:35.882063+03 ,7,3
827, 2018-10-10 11:13:35.888056+03 ,38,10
828, 2018-10-10 11:13:35.894026+03 ,40,11
829, 2018-10-10 11:14:16.169201+03 ,14,5
830, 2018-10-10 11:14:16.173621+03 ,32,9
831, 2018-10-10 11:14:16.177104+03 ,1,1
832, 2018-10-10 11:14:16.179727+03 ,10,4
833, 2018-10-10 11:14:16.183169+03 ,5,2
834, 2018-10-10 11:14:16.189138+03 ,26,8
835, 2018-10-10 11:14:16.195143+03 ,7,3
836, 2018-10-10 11:14:16.201113+03 ,19,7
837, 2018-10-10 11:14:16.20711+03  ,38,10
838, 2018-10-10 11:14:16.21309+03  ,40,11
839, 2018-10-10 11:15:22.732417+03 ,13,5
840, 2018-10-10 11:15:22.736473+03 ,33,9
841, 2018-10-10 11:15:22.744763+03 ,1,1
842, 2018-10-10 11:15:22.750737+03 ,11,4
843, 2018-10-10 11:15:22.756731+03 ,5,2
844, 2018-10-10 11:15:22.762724+03 ,26,8
845, 2018-10-10 11:15:22.768715+03 ,7,3
846, 2018-10-10 11:15:22.774717+03 ,38,10
847, 2018-10-10 11:15:22.780762+03 ,16,6
848, 2018-10-10 11:15:22.786736+03 ,40,11
849, 2018-10-10 11:17:30.171875+03 ,13,5
850, 2018-10-10 11:17:30.213587+03 ,34,9
851, 2018-10-10 11:17:30.226102+03 ,1,1
852, 2018-10-10 11:17:30.23223+03  ,12,4
853, 2018-10-10 11:17:30.238244+03 ,5,2
854, 2018-10-10 11:17:30.244238+03 ,26,8
855, 2018-10-10 11:17:30.25022+03  ,9,3
856, 2018-10-10 11:17:30.256206+03 ,38,10
857, 2018-10-10 11:17:30.26219+03  ,40,11
858, 2018-10-10 11:18:44.973981+03 ,14,5
859, 2018-10-10 11:18:44.977918+03 ,33,9
860, 2018-10-10 11:18:44.984503+03 ,1,1
861, 2018-10-10 11:18:44.99046+03  ,12,4
862, 2018-10-10 11:18:44.996467+03 ,5,2
863, 2018-10-10 11:18:45.002443+03 ,26,8
864, 2018-10-10 11:18:45.00844+03  ,7,3
865, 2018-10-10 11:18:45.014418+03 ,19,7
866, 2018-10-10 11:18:45.020411+03 ,38,10
867, 2018-10-10 11:18:45.026378+03 ,40,11
868, 2018-10-10 11:21:31.024409+03 ,13,5
869, 2018-10-10 11:21:31.0287+03   ,34,9
870, 2018-10-10 11:21:31.037827+03 ,1,1
871, 2018-10-10 11:21:31.043855+03 ,12,4
872, 2018-10-10 11:21:31.049883+03 ,5,2
873, 2018-10-10 11:21:31.055873+03 ,26,8
874, 2018-10-10 11:21:31.061854+03 ,7,3
875, 2018-10-10 11:21:31.067853+03 ,19,7
876, 2018-10-10 11:21:31.073835+03 ,38,10
877, 2018-10-10 11:21:31.07982+03  ,16,6
878, 2018-10-10 11:21:31.085795+03 ,40,11
879, 2018-10-10 11:22:26.276013+03 ,14,5
880, 2018-10-10 11:22:26.280821+03 ,35,9
881, 2018-10-10 11:22:26.29202+03  ,1,1
882, 2018-10-10 11:22:26.298061+03 ,11,4
883, 2018-10-10 11:22:26.304976+03 ,4,2
884, 2018-10-10 11:22:26.310949+03 ,26,8
885, 2018-10-10 11:22:26.316944+03 ,7,3
886, 2018-10-10 11:22:26.32293+03  ,40,11
887, 2018-10-10 11:23:42.298255+03 ,14,5
888, 2018-10-10 11:23:42.303074+03 ,32,9
889, 2018-10-10 11:23:42.314781+03 ,1,1
890, 2018-10-10 11:23:42.320761+03 ,10,4
891, 2018-10-10 11:23:42.326742+03 ,5,2
892, 2018-10-10 11:23:42.332741+03 ,26,8
893, 2018-10-10 11:23:42.338717+03 ,7,3
894, 2018-10-10 11:23:42.344734+03 ,20,7
895, 2018-10-10 11:23:42.350689+03 ,38,10
896, 2018-10-10 11:23:42.356699+03 ,16,6
897, 2018-10-10 11:23:42.362663+03 ,40,11
898, 2018-10-10 11:24:24.272494+03 ,13,5
899, 2018-10-10 11:24:24.276455+03 ,36,9
900, 2018-10-10 11:24:24.283047+03 ,1,1
901, 2018-10-10 11:24:24.289095+03 ,11,4
902, 2018-10-10 11:24:24.295216+03 ,5,2
903, 2018-10-10 11:24:24.301188+03 ,26,8
904, 2018-10-10 11:24:24.30719+03  ,7,3
905, 2018-10-10 11:24:24.313155+03 ,20,7
906, 2018-10-10 11:24:24.319166+03 ,38,10
907, 2018-10-10 11:24:24.325129+03 ,40,11
908, 2018-10-10 11:24:24.331218+03 ,16,6
909, 2018-10-10 11:25:39.908077+03 ,14,5
910, 2018-10-10 11:25:39.912393+03 ,33,9
911, 2018-10-10 11:25:39.921549+03 ,1,1
912, 2018-10-10 11:25:39.927551+03 ,10,4
913, 2018-10-10 11:25:39.933516+03 ,4,2
914, 2018-10-10 11:25:39.939513+03 ,26,8
915, 2018-10-10 11:25:39.945493+03 ,19,7
916, 2018-10-10 11:25:39.951525+03 ,38,10
917, 2018-10-10 11:25:39.957556+03 ,40,11
918, 2018-10-10 11:26:11.516252+03 ,14,5
919, 2018-10-10 11:26:11.520598+03 ,34,9
920, 2018-10-10 11:26:11.528917+03 ,1,1
921, 2018-10-10 11:26:11.534897+03 ,12,4
922, 2018-10-10 11:26:11.540901+03 ,5,2
923, 2018-10-10 11:26:11.546878+03 ,26,8
924, 2018-10-10 11:26:11.552875+03 ,20,7
925, 2018-10-10 11:26:11.558837+03 ,38,10
926, 2018-10-10 11:26:11.564899+03 ,16,6
927, 2018-10-10 11:26:11.570811+03 ,40,11
928, 2018-10-10 11:27:21.918527+03 ,13,5
929, 2018-10-10 11:27:21.922719+03 ,14,9
930, 2018-10-10 11:27:21.931871+03 ,33,1
931, 2018-10-10 11:27:21.937959+03 ,1,4
932, 2018-10-10 11:27:21.94405+03  ,10,2
933, 2018-10-10 11:27:21.949967+03 ,5,8
934, 2018-10-10 11:27:21.956052+03 ,28,3
935, 2018-10-10 11:27:21.962072+03 ,7,7
936, 2018-10-10 11:27:21.968015+03 ,19,10
937, 2018-10-10 11:27:21.97404+03  ,38,6
938, 2018-10-10 11:27:21.979997+03 ,16,11
939, 2018-10-10 11:28:23.872338+03 ,14,5
940, 2018-10-10 11:28:23.876345+03 ,33,9
941, 2018-10-10 11:28:23.883547+03 ,1,1
942, 2018-10-10 11:28:23.889522+03 ,2,4
943, 2018-10-10 11:28:23.895524+03 ,10,2
944, 2018-10-10 11:28:23.901497+03 ,5,8
945, 2018-10-10 11:28:23.907502+03 ,28,3
946, 2018-10-10 11:28:23.913473+03 ,7,7
947, 2018-10-10 11:28:23.919463+03 ,19,10
948, 2018-10-10 11:28:23.925442+03 ,38,6
949, 2018-10-10 11:28:23.931459+03 ,16,11
950, 2018-10-10 11:28:51.631191+03 ,14,5
951, 2018-10-10 11:28:51.635211+03 ,33,9
952, 2018-10-10 11:28:51.641047+03 ,2,1
953, 2018-10-10 11:28:51.647086+03 ,10,4
954, 2018-10-10 11:28:51.653077+03 ,4,2
955, 2018-10-10 11:28:51.659062+03 ,28,8
956, 2018-10-10 11:28:51.665045+03 ,7,3
957, 2018-10-10 11:28:51.671032+03 ,19,7
958, 2018-10-10 11:28:51.676995+03 ,38,10
959, 2018-10-10 11:28:51.682997+03 ,16,6
960, 2018-10-10 11:28:51.688985+03 ,39,11
961, 2018-10-10 11:29:43.302053+03 ,13,5
962, 2018-10-10 11:29:43.306363+03 ,33,9
963, 2018-10-10 11:29:43.312149+03 ,1,1
964, 2018-10-10 11:29:43.318151+03 ,12,4
965, 2018-10-10 11:29:43.324208+03 ,5,2
966, 2018-10-10 11:29:43.330166+03 ,26,8
967, 2018-10-10 11:29:43.336173+03 ,21,7
968, 2018-10-10 11:29:43.342138+03 ,38,10
969, 2018-10-10 11:29:43.348146+03 ,40,11
970, 2018-10-10 11:31:19.010852+03 ,13,5
971, 2018-10-10 11:31:19.015183+03 ,32,9
972, 2018-10-10 11:31:19.026408+03 ,1,1
973, 2018-10-10 11:31:19.032402+03 ,11,4
974, 2018-10-10 11:31:19.038393+03 ,5,2
975, 2018-10-10 11:31:19.044373+03 ,26,8
976, 2018-10-10 11:31:19.050351+03 ,7,3
977, 2018-10-10 11:31:19.056352+03 ,38,10
978, 2018-10-10 11:31:19.062325+03 ,16,6
979, 2018-10-10 11:31:19.069837+03 ,40,11
980, 2018-10-10 11:32:10.748224+03 ,14,5
981, 2018-10-10 11:32:10.752816+03 ,33,9
982, 2018-10-10 11:32:10.765012+03 ,2,1
983, 2018-10-10 11:32:10.771054+03 ,10,4
984, 2018-10-10 11:32:10.777112+03 ,5,2
985, 2018-10-10 11:32:10.783083+03 ,27,8
986, 2018-10-10 11:32:10.789119+03 ,28,3
987, 2018-10-10 11:32:10.795167+03 ,7,7
988, 2018-10-10 11:32:10.801131+03 ,19,10
989, 2018-10-10 11:32:10.807131+03 ,20,6
990, 2018-10-10 11:32:10.813111+03 ,38,11
991, 2018-10-10 11:32:25.969234+03 ,13,5
992, 2018-10-10 11:32:25.973289+03 ,36,9
993, 2018-10-10 11:32:25.983333+03 ,1,1
994, 2018-10-10 11:32:25.98933+03  ,10,4
995, 2018-10-10 11:32:25.995368+03 ,5,2
996, 2018-10-10 11:32:26.0013+03   ,26,8
997, 2018-10-10 11:32:26.00731+03  ,7,3
998, 2018-10-10 11:32:26.013276+03 ,38,10
999, 2018-10-10 11:32:26.019282+03 ,16,6
1000, 2018-10-10 11:32:26.025252+03 ,40,11
1001, 2018-10-10 11:32:34.421085+03 ,14,5
1002, 2018-10-10 11:32:34.425932+03 ,34,9
1003, 2018-10-10 11:32:34.437514+03 ,1,1
1004, 2018-10-10 11:32:34.443518+03 ,2,4
1005, 2018-10-10 11:32:34.449503+03 ,10,2
1006, 2018-10-10 11:32:34.455564+03 ,5,8
1007, 2018-10-10 11:32:34.461534+03 ,28,3
1008, 2018-10-10 11:32:34.467538+03 ,7,7
1009, 2018-10-10 11:32:34.473509+03 ,21,10
1010, 2018-10-10 11:32:34.479517+03 ,38,6
1011, 2018-10-10 11:32:34.48549+03  ,16,11
1012, 2018-10-10 11:32:56.162313+03 ,14,5
1013, 2018-10-10 11:32:56.166734+03 ,35,9
1014, 2018-10-10 11:32:56.171847+03 ,1,1
1015, 2018-10-10 11:32:56.177825+03 ,2,4
1016, 2018-10-10 11:32:56.183828+03 ,10,2
1017, 2018-10-10 11:32:56.189795+03 ,4,8
1018, 2018-10-10 11:32:56.195784+03 ,28,3
1019, 2018-10-10 11:32:56.201798+03 ,7,7
1020, 2018-10-10 11:32:56.207847+03 ,20,10
1021, 2018-10-10 11:32:56.213814+03 ,38,6
1022, 2018-10-10 11:32:56.219826+03 ,16,11
1023, 2018-10-10 11:33:08.525362+03 ,15,5
1024, 2018-10-10 11:33:08.529363+03 ,35,9
1025, 2018-10-10 11:33:08.535808+03 ,3,1
1026, 2018-10-10 11:33:08.541771+03 ,12,4
1027, 2018-10-10 11:33:08.54778+03  ,6,2
1028, 2018-10-10 11:33:08.553753+03 ,26,8
1029, 2018-10-10 11:33:08.559749+03 ,40,11
1030, 2018-10-10 11:33:54.718797+03 ,14,5
1031, 2018-10-10 11:33:54.722783+03 ,36,9
1032, 2018-10-10 11:33:54.73437+03  ,2,1
1033, 2018-10-10 11:33:54.740356+03 ,10,4
1034, 2018-10-10 11:33:54.746372+03 ,5,2
1035, 2018-10-10 11:33:54.752438+03 ,28,8
1036, 2018-10-10 11:33:54.758394+03 ,7,3
1037, 2018-10-10 11:33:54.764402+03 ,20,7
1038, 2018-10-10 11:33:54.770365+03 ,38,10
1039, 2018-10-10 11:33:54.776377+03 ,16,6
1040, 2018-10-10 11:33:54.78236+03  ,39,11
1041, 2018-10-10 11:33:56.199691+03 ,14,5
1042, 2018-10-10 11:33:56.203666+03 ,34,9
1043, 2018-10-10 11:33:56.213331+03 ,1,1
1044, 2018-10-10 11:33:56.219344+03 ,11,4
1045, 2018-10-10 11:33:56.225306+03 ,4,2
1046, 2018-10-10 11:33:56.231312+03 ,26,8
1047, 2018-10-10 11:33:56.237289+03 ,7,3
1048, 2018-10-10 11:33:56.24332+03  ,19,7
1049, 2018-10-10 11:33:56.249336+03 ,38,10
1050, 2018-10-10 11:33:56.255336+03 ,40,11
1051, 2018-10-10 11:34:46.909372+03 ,14,5
1052, 2018-10-10 11:34:46.91334+03  ,32,9
1053, 2018-10-10 11:34:46.916405+03 ,1,1
1054, 2018-10-10 11:34:46.920699+03 ,12,4
1055, 2018-10-10 11:34:46.927594+03 ,4,2
1056, 2018-10-10 11:34:46.933906+03 ,26,8
1057, 2018-10-10 11:34:46.939552+03 ,20,7
1058, 2018-10-10 11:34:46.945531+03 ,38,10
1059, 2018-10-10 11:34:46.951534+03 ,40,11
1060, 2018-10-10 11:34:51.877976+03 ,14,5
1061, 2018-10-10 11:34:51.881997+03 ,36,9
1062, 2018-10-10 11:34:51.896555+03 ,2,1
1063, 2018-10-10 11:34:51.909063+03 ,10,4
1064, 2018-10-10 11:34:51.91505+03  ,5,2
1065, 2018-10-10 11:34:51.92104+03  ,28,8
1066, 2018-10-10 11:34:51.927039+03 ,7,3
1067, 2018-10-10 11:34:51.933017+03 ,21,7
1068, 2018-10-10 11:34:51.939002+03 ,38,10
1069, 2018-10-10 11:34:51.945023+03 ,16,6
1070, 2018-10-10 11:34:51.951052+03 ,39,11
1071, 2018-10-10 11:35:15.049726+03 ,14,5
1072, 2018-10-10 11:35:15.053693+03 ,34,9
1073, 2018-10-10 11:35:15.062257+03 ,1,1
1074, 2018-10-10 11:35:15.06824+03  ,2,4
1075, 2018-10-10 11:35:15.074231+03 ,10,2
1076, 2018-10-10 11:35:15.080205+03 ,5,8
1077, 2018-10-10 11:35:15.086196+03 ,28,3
1078, 2018-10-10 11:35:15.092182+03 ,7,7
1079, 2018-10-10 11:35:15.098169+03 ,20,10
1080, 2018-10-10 11:35:15.104157+03 ,38,6
1081, 2018-10-10 11:35:15.110162+03 ,16,11
1082, 2018-10-10 11:35:40.796023+03 ,14,5
1083, 2018-10-10 11:35:40.800812+03 ,34,9
1084, 2018-10-10 11:35:40.813958+03 ,2,1
1085, 2018-10-10 11:35:40.819943+03 ,10,4
1086, 2018-10-10 11:35:40.825926+03 ,5,2
1087, 2018-10-10 11:35:40.831919+03 ,28,8
1088, 2018-10-10 11:35:40.837897+03 ,7,3
1089, 2018-10-10 11:35:40.843904+03 ,22,7
1090, 2018-10-10 11:35:40.850362+03 ,37,10
1091, 2018-10-10 11:35:40.855843+03 ,16,6
1092, 2018-10-10 11:35:40.861812+03 ,39,11
1093, 2018-10-10 11:35:41.591866+03 ,13,5
1094, 2018-10-10 11:35:41.596158+03 ,36,9
1095, 2018-10-10 11:35:41.604283+03 ,2,1
1096, 2018-10-10 11:35:41.610254+03 ,11,4
1097, 2018-10-10 11:35:41.616292+03 ,4,2
1098, 2018-10-10 11:35:41.622323+03 ,26,8
1099, 2018-10-10 11:35:41.628314+03 ,20,7
1100, 2018-10-10 11:35:41.63428+03  ,38,10
1101, 2018-10-10 11:35:41.640278+03 ,16,6
1102, 2018-10-10 11:35:41.646261+03 ,40,11
1103, 2018-10-10 11:36:21.160621+03 ,13,5
1104, 2018-10-10 11:36:21.164575+03 ,34,9
1105, 2018-10-10 11:36:21.17485+03  ,1,1
1106, 2018-10-10 11:36:21.180841+03 ,10,4
1107, 2018-10-10 11:36:21.186815+03 ,5,2
1108, 2018-10-10 11:36:21.19281+03  ,26,8
1109, 2018-10-10 11:36:21.198792+03 ,7,3
1110, 2018-10-10 11:36:21.204785+03 ,19,7
1111, 2018-10-10 11:36:21.210767+03 ,38,10
1112, 2018-10-10 11:36:21.216762+03 ,16,6
1113, 2018-10-10 11:36:21.222737+03 ,40,11
1114, 2018-10-10 11:37:11.806794+03 ,13,5
1115, 2018-10-10 11:37:11.811439+03 ,34,9
1116, 2018-10-10 11:37:11.821151+03 ,1,1
1117, 2018-10-10 11:37:11.827359+03 ,12,4
1118, 2018-10-10 11:37:11.833381+03 ,5,2
1119, 2018-10-10 11:37:11.839368+03 ,26,8
1120, 2018-10-10 11:37:11.845464+03 ,7,3
1121, 2018-10-10 11:37:11.851507+03 ,38,10
1122, 2018-10-10 11:37:11.85744+03  ,16,6
1123, 2018-10-10 11:37:11.863481+03 ,40,11
1124, 2018-10-10 11:37:23.769096+03 ,14,5
1125, 2018-10-10 11:37:23.773395+03 ,35,9
1126, 2018-10-10 11:37:23.779382+03 ,1,1
1127, 2018-10-10 11:37:23.784376+03 ,10,4
1128, 2018-10-10 11:37:23.790344+03 ,5,2
1129, 2018-10-10 11:37:23.796338+03 ,28,8
1130, 2018-10-10 11:37:23.802313+03 ,7,3
1131, 2018-10-10 11:37:23.80835+03  ,20,7
1132, 2018-10-10 11:37:23.814376+03 ,23,10
1133, 2018-10-10 11:37:23.820363+03 ,37,6
1134, 2018-10-10 11:37:23.826347+03 ,16,11
1135, 2018-10-10 11:37:49.599403+03 ,14,5
1136, 2018-10-10 11:37:49.603317+03 ,35,9
1137, 2018-10-10 11:37:49.620595+03 ,1,1
1138, 2018-10-10 11:37:49.631956+03 ,10,4
1139, 2018-10-10 11:37:49.637864+03 ,11,2
1140, 2018-10-10 11:37:49.643857+03 ,5,8
1141, 2018-10-10 11:37:49.649854+03 ,4,3
1142, 2018-10-10 11:37:49.65583+03  ,28,7
1143, 2018-10-10 11:37:49.661816+03 ,7,10
1144, 2018-10-10 11:37:49.667842+03 ,22,6
1145, 2018-10-10 11:37:49.673887+03 ,37,11
1146, 2018-10-10 11:38:30.200359+03 ,14,5
1147, 2018-10-10 11:38:30.204704+03 ,35,9
1148, 2018-10-10 11:38:30.214392+03 ,1,1
1149, 2018-10-10 11:38:30.220407+03 ,10,4
1150, 2018-10-10 11:38:30.226368+03 ,4,2
1151, 2018-10-10 11:38:30.232363+03 ,27,8
1152, 2018-10-10 11:38:30.238354+03 ,28,3
1153, 2018-10-10 11:38:30.244353+03 ,7,7
1154, 2018-10-10 11:38:30.250329+03 ,22,10
1155, 2018-10-10 11:38:30.256318+03 ,37,6
1156, 2018-10-10 11:38:30.262304+03 ,16,11
1157, 2018-10-10 11:39:22.629375+03 ,14,5
1158, 2018-10-10 11:39:22.633657+03 ,36,9
1159, 2018-10-10 11:39:22.645972+03 ,1,1
1160, 2018-10-10 11:39:22.651999+03 ,10,4
1161, 2018-10-10 11:39:22.657943+03 ,4,2
1162, 2018-10-10 11:39:22.663944+03 ,5,8
1163, 2018-10-10 11:39:22.670556+03 ,28,3
1164, 2018-10-10 11:39:22.675919+03 ,7,7
1165, 2018-10-10 11:39:22.681882+03 ,21,10
1166, 2018-10-10 11:39:22.687887+03 ,37,6
1167, 2018-10-10 11:39:22.693868+03 ,16,11
1168, 2018-10-10 11:39:43.856756+03 ,14,5
1169, 2018-10-10 11:39:43.861117+03 ,13,9
1170, 2018-10-10 11:39:43.871166+03 ,34,1
1171, 2018-10-10 11:39:43.877143+03 ,1,4
1172, 2018-10-10 11:39:43.883121+03 ,10,2
1173, 2018-10-10 11:39:43.889146+03 ,5,8
1174, 2018-10-10 11:39:43.895192+03 ,28,3
1175, 2018-10-10 11:39:43.901156+03 ,7,7
1176, 2018-10-10 11:39:43.907144+03 ,19,10
1177, 2018-10-10 11:39:43.91313+03  ,38,6
1178, 2018-10-10 11:39:43.919125+03 ,16,11
1179, 2018-10-10 11:40:10.663669+03 ,13,5
1180, 2018-10-10 11:40:10.667916+03 ,35,9
1181, 2018-10-10 11:40:10.676651+03 ,1,1
1182, 2018-10-10 11:40:10.682617+03 ,11,4
1183, 2018-10-10 11:40:10.688615+03 ,10,2
1184, 2018-10-10 11:40:10.694589+03 ,11,8
1185, 2018-10-10 11:40:10.700591+03 ,5,3
1186, 2018-10-10 11:40:10.70657+03  ,28,7
1187, 2018-10-10 11:40:10.712605+03 ,7,10
1188, 2018-10-10 11:40:10.71862+03  ,20,6
1189, 2018-10-10 11:40:10.724614+03 ,37,11
1190, 2018-10-10 11:40:38.443688+03 ,13,5
1191, 2018-10-10 11:40:38.448099+03 ,34,9
1192, 2018-10-10 11:40:38.452082+03 ,36,1
1193, 2018-10-10 11:40:38.458064+03 ,1,4
1194, 2018-10-10 11:40:38.464052+03 ,10,2
1195, 2018-10-10 11:40:38.470035+03 ,5,8
1196, 2018-10-10 11:40:38.476025+03 ,28,3
1197, 2018-10-10 11:40:38.482009+03 ,7,7
1198, 2018-10-10 11:40:38.487995+03 ,19,10
1199, 2018-10-10 11:40:38.493982+03 ,38,6
1200, 2018-10-10 11:40:38.499972+03 ,16,11
1201, 2018-10-10 11:41:05.575546+03 ,14,5
1202, 2018-10-10 11:41:05.579559+03 ,36,9
1203, 2018-10-10 11:41:05.592825+03 ,1,1
1204, 2018-10-10 11:41:05.598783+03 ,2,4
1205, 2018-10-10 11:41:05.604764+03 ,11,2
1206, 2018-10-10 11:41:05.610753+03 ,5,8
1207, 2018-10-10 11:41:05.616748+03 ,28,3
1208, 2018-10-10 11:41:05.622728+03 ,7,7
1209, 2018-10-10 11:41:05.628733+03 ,19,10
1210, 2018-10-10 11:41:05.634702+03 ,38,6
1211, 2018-10-10 11:41:05.640757+03 ,16,11
1212, 2018-10-10 11:50:26.584312+03 ,13,5
1213, 2018-10-10 11:50:26.589118+03 ,36,9
1214, 2018-10-10 11:50:26.598038+03 ,2,1
1215, 2018-10-10 11:50:26.604164+03 ,10,4
1216, 2018-10-10 11:50:26.610192+03 ,5,2
1217, 2018-10-10 11:50:26.616169+03 ,28,8
1218, 2018-10-10 11:50:26.622201+03 ,7,3
1219, 2018-10-10 11:50:26.62828+03  ,7,7
1220, 2018-10-10 11:50:26.634208+03 ,19,10
1221, 2018-10-10 11:50:26.640254+03 ,37,6
1222, 2018-10-10 11:50:26.646285+03 ,16,11
1223, 2018-10-10 11:51:01.775406+03 ,14,5
1224, 2018-10-10 11:51:01.779974+03 ,34,9
1225, 2018-10-10 11:51:01.79028+03  ,2,1
1226, 2018-10-10 11:51:01.796284+03 ,11,4
1227, 2018-10-10 11:51:01.802254+03 ,5,2
1228, 2018-10-10 11:51:01.808257+03 ,27,8
1229, 2018-10-10 11:51:01.814231+03 ,28,3
1230, 2018-10-10 11:51:01.820226+03 ,7,7
1231, 2018-10-10 11:51:01.826202+03 ,19,10
1232, 2018-10-10 11:51:01.83219+03  ,37,6
1233, 2018-10-10 11:51:01.83818+03  ,16,11
1234, 2018-10-10 11:51:25.825183+03 ,14,5
1235, 2018-10-10 11:51:25.829475+03 ,32,9
1236, 2018-10-10 11:51:25.835596+03 ,2,1
1237, 2018-10-10 11:51:25.841559+03 ,11,4
1238, 2018-10-10 11:51:25.847559+03 ,5,2
1239, 2018-10-10 11:51:25.853531+03 ,28,8
1240, 2018-10-10 11:51:25.85954+03  ,7,3
1241, 2018-10-10 11:51:25.865506+03 ,22,7
1242, 2018-10-10 11:51:25.871517+03 ,22,10
1243, 2018-10-10 11:51:25.877482+03 ,38,6
1244, 2018-10-10 11:51:25.883483+03 ,16,11
1245, 2018-10-10 11:51:43.230658+03 ,13,5
1246, 2018-10-10 11:51:43.234928+03 ,32,9
1247, 2018-10-10 11:51:43.240844+03 ,1,1
1248, 2018-10-10 11:51:43.246843+03 ,10,4
1249, 2018-10-10 11:51:43.252864+03 ,5,2
1250, 2018-10-10 11:51:43.258897+03 ,28,8
1251, 2018-10-10 11:51:43.264874+03 ,7,3
1252, 2018-10-10 11:51:43.270868+03 ,19,7
1253, 2018-10-10 11:51:43.276851+03 ,37,10
1254, 2018-10-10 11:51:43.282848+03 ,38,6
1255, 2018-10-10 11:51:43.288823+03 ,16,11
1256, 2018-10-10 11:52:01.379198+03 ,13,5
1257, 2018-10-10 11:52:01.383674+03 ,32,9
1258, 2018-10-10 11:52:01.388974+03 ,1,1
1259, 2018-10-10 11:52:01.395057+03 ,10,4
1260, 2018-10-10 11:52:01.397943+03 ,5,2
1261, 2018-10-10 11:52:01.402575+03 ,28,8
1262, 2018-10-10 11:52:01.408586+03 ,7,3
1263, 2018-10-10 11:52:01.414591+03 ,19,7
1264, 2018-10-10 11:52:01.420644+03 ,37,10
1265, 2018-10-10 11:52:01.426967+03 ,38,6
1266, 2018-10-10 11:52:01.43261+03  ,16,11
1267, 2018-10-10 11:52:36.190541+03 ,13,5
1268, 2018-10-10 11:52:36.194534+03 ,31,9
1269, 2018-10-10 11:52:36.20148+03  ,1,1
1270, 2018-10-10 11:52:36.207501+03 ,10,4
1271, 2018-10-10 11:52:36.213528+03 ,4,2
1272, 2018-10-10 11:52:36.219472+03 ,5,8
1273, 2018-10-10 11:52:36.225518+03 ,28,3
1274, 2018-10-10 11:52:36.231448+03 ,7,7
1275, 2018-10-10 11:52:36.237474+03 ,19,10
1276, 2018-10-10 11:52:36.243416+03 ,38,6
1277, 2018-10-10 11:52:36.249443+03 ,16,11
1278, 2018-10-10 11:53:09.690007+03 ,14,5
1279, 2018-10-10 11:53:09.694694+03 ,32,9
1280, 2018-10-10 11:53:09.701029+03 ,2,1
1281, 2018-10-10 11:53:09.707447+03 ,10,4
1282, 2018-10-10 11:53:09.713013+03 ,5,2
1283, 2018-10-10 11:53:09.718996+03 ,27,8
1284, 2018-10-10 11:53:09.724979+03 ,28,3
1285, 2018-10-10 11:53:09.730968+03 ,7,7
1286, 2018-10-10 11:53:09.736945+03 ,19,10
1287, 2018-10-10 11:53:09.742941+03 ,37,6
1288, 2018-10-10 11:53:09.748922+03 ,38,11
1289, 2018-10-10 11:53:38.160846+03 ,14,5
1290, 2018-10-10 11:53:38.165211+03 ,32,9
1291, 2018-10-10 11:53:38.176928+03 ,1,1
1292, 2018-10-10 11:53:38.182949+03 ,2,4
1293, 2018-10-10 11:53:38.189001+03 ,10,2
1294, 2018-10-10 11:53:38.194969+03 ,5,8
1295, 2018-10-10 11:53:38.200963+03 ,28,3
1296, 2018-10-10 11:53:38.206937+03 ,7,7
1297, 2018-10-10 11:53:38.212942+03 ,20,10
1298, 2018-10-10 11:53:38.218902+03 ,38,6
1299, 2018-10-10 11:53:38.224914+03 ,16,11
1300, 2018-10-10 11:54:47.858031+03 ,14,5
1301, 2018-10-10 11:54:47.862377+03 ,31,9
1302, 2018-10-10 11:54:47.870105+03 ,2,1
1303, 2018-10-10 11:54:47.87609+03  ,10,4
1304, 2018-10-10 11:54:47.882089+03 ,5,8
1305, 2018-10-10 11:54:47.888085+03 ,28,2
1306, 2018-10-10 11:54:47.894057+03 ,4,3
1307, 2018-10-10 11:54:47.900086+03 ,7,7
1308, 2018-10-10 11:54:47.903509+03 ,19,10
1309, 2018-10-10 11:54:47.909491+03 ,38,6
1310, 2018-10-10 11:54:47.915488+03 ,16,11
1311, 2018-10-10 11:55:06.620592+03 ,14,5
1312, 2018-10-10 11:55:06.624562+03 ,31,9
1313, 2018-10-10 11:55:06.631939+03 ,1,1
1314, 2018-10-10 11:55:06.637905+03 ,10,4
1315, 2018-10-10 11:55:06.643932+03 ,5,2
1316, 2018-10-10 11:55:06.64997+03  ,28,8
1317, 2018-10-10 11:55:06.655951+03 ,7,3
1318, 2018-10-10 11:55:06.661951+03 ,19,7
1319, 2018-10-10 11:55:06.667921+03 ,38,10
1320, 2018-10-10 11:55:06.673915+03 ,16,6
1321, 2018-10-10 11:55:06.679896+03 ,39,11
1322, 2018-10-10 11:55:30.550811+03 ,14,5
1323, 2018-10-10 11:55:30.55507+03  ,31,9
1324, 2018-10-10 11:55:30.563551+03 ,1,1
1325, 2018-10-10 11:55:30.569581+03 ,2,4
1326, 2018-10-10 11:55:30.575584+03 ,11,2
1327, 2018-10-10 11:55:30.581557+03 ,5,8
1328, 2018-10-10 11:55:30.587544+03 ,4,3
1329, 2018-10-10 11:55:30.593521+03 ,28,7
1330, 2018-10-10 11:55:30.59951+03  ,7,10
1331, 2018-10-10 11:55:30.605496+03 ,19,6
1332, 2018-10-10 11:55:30.611525+03 ,38,11
1333, 2018-10-10 11:55:50.114669+03 ,14,5
1334, 2018-10-10 11:55:50.118944+03 ,31,9
1335, 2018-10-10 11:55:50.124344+03 ,2,1
1336, 2018-10-10 11:55:50.130323+03 ,10,4
1337, 2018-10-10 11:55:50.136293+03 ,5,2
1338, 2018-10-10 11:55:50.142277+03 ,28,8
1339, 2018-10-10 11:55:50.148286+03 ,7,3
1340, 2018-10-10 11:55:50.154257+03 ,20,7
1341, 2018-10-10 11:55:50.160238+03 ,37,10
1342, 2018-10-10 11:55:50.166241+03 ,16,6
1343, 2018-10-10 11:55:50.172225+03 ,39,11
1344, 2018-10-10 11:56:40.106742+03 ,13,5
1345, 2018-10-10 11:56:40.111376+03 ,14,9
1346, 2018-10-10 11:56:40.118717+03 ,32,1
1347, 2018-10-10 11:56:40.124738+03 ,2,4
1348, 2018-10-10 11:56:40.130758+03 ,10,2
1349, 2018-10-10 11:56:40.136736+03 ,4,8
1350, 2018-10-10 11:56:40.142729+03 ,28,3
1351, 2018-10-10 11:56:40.148711+03 ,7,7
1352, 2018-10-10 11:56:40.154702+03 ,19,10
1353, 2018-10-10 11:56:40.16069+03  ,37,6
1354, 2018-10-10 11:56:40.16668+03  ,38,11
1355, 2018-10-10 11:56:57.005974+03 ,14,5
1356, 2018-10-10 11:56:57.010791+03 ,32,9
1357, 2018-10-10 11:56:57.017848+03 ,1,1
1358, 2018-10-10 11:56:57.024023+03 ,10,4
1359, 2018-10-10 11:56:57.030094+03 ,4,2
1360, 2018-10-10 11:56:57.036145+03 ,28,8
1361, 2018-10-10 11:56:57.04215+03  ,7,3
1362, 2018-10-10 11:56:57.048149+03 ,20,7
1363, 2018-10-10 11:56:57.054128+03 ,38,10
1364, 2018-10-10 11:56:57.060142+03 ,16,6
1365, 2018-10-10 11:56:57.066172+03 ,39,11
1366, 2018-10-10 11:57:31.989634+03 ,14,5
1367, 2018-10-10 11:57:31.994087+03 ,32,9
1368, 2018-10-10 11:57:32.002603+03 ,1,1
1369, 2018-10-10 11:57:32.008665+03 ,10,4
1370, 2018-10-10 11:57:32.01458+03  ,5,2
1371, 2018-10-10 11:57:32.020627+03 ,28,8
1372, 2018-10-10 11:57:32.026549+03 ,7,3
1373, 2018-10-10 11:57:32.032634+03 ,21,7
1374, 2018-10-10 11:57:32.038528+03 ,38,10
1375, 2018-10-10 11:57:32.04457+03  ,16,6
1376, 2018-10-10 11:57:32.050504+03 ,39,11
1377, 2018-10-10 11:58:30.154595+03 ,14,5
1378, 2018-10-10 11:58:30.158991+03 ,33,9
1379, 2018-10-10 11:58:30.169918+03 ,1,1
1380, 2018-10-10 11:58:30.175906+03 ,10,4
1381, 2018-10-10 11:58:30.181882+03 ,5,2
1382, 2018-10-10 11:58:30.187874+03 ,28,8
1383, 2018-10-10 11:58:30.193907+03 ,7,3
1384, 2018-10-10 11:58:30.196761+03 ,19,7
1385, 2018-10-10 11:58:30.202683+03 ,37,10
1386, 2018-10-10 11:58:30.208675+03 ,38,6
1387, 2018-10-10 11:58:30.214658+03 ,16,11
1388, 2018-10-10 11:59:00.409164+03 ,14,5
1389, 2018-10-10 11:59:00.413127+03 ,33,9
1390, 2018-10-10 11:59:00.421166+03 ,1,1
1391, 2018-10-10 11:59:00.427171+03 ,2,4
1392, 2018-10-10 11:59:00.43315+03  ,10,2
1393, 2018-10-10 11:59:00.439123+03 ,5,8
1394, 2018-10-10 11:59:00.445118+03 ,28,3
1395, 2018-10-10 11:59:00.4511+03   ,7,7
1396, 2018-10-10 11:59:00.457097+03 ,19,10
1397, 2018-10-10 11:59:00.463074+03 ,38,6
1398, 2018-10-10 11:59:00.469069+03 ,16,11
